<?xml version="1.0" encoding="UTF-8" ?>
<dt-api library="Select">
	<name>cell().select()</name>
	<summary>Select a single cell</summary>
	<since>1.0.0</since>

	<type type="function">
		<signature>cell().select()</signature>
		<returns type="DataTables.Api">
			API instance that contains a reference to the selected cell.
		</returns>
		<description>
			Select a single cell in the table, based on the cell found by the `dt-api cell()` method.
		</description>
	</type>

	<description>
		This method simply selects a single cell that has been found by the `dt-api cell()` selector method.

		If the selection style (`s-init select.style` / `s-api select.style()`) is set to `single` any previously selected cells will be automatically deselected. Otherwise the cell will be added to the current selected set.

		Selected cells can later be retrieved using the `selected` extension to the `dt-type selector-modifier` object - for example `table.cells( { selected: true } ).data()` will get the data of all cells which are selected in the table.
	</description>

	<example title="Select all cells in the first row on the current page"><![CDATA[

var table = $('#myTable').DataTable();

table.cell( ':eq(0)', null, {page: 'current'} ).select();

]]></example>

	<related>s-api cell().deselect()</related>
	<related>s-api cells().select()</related>
	<related>s-api cells().deselect()</related>
</dt-api>