<?xml version="1.0" encoding="UTF-8" ?>
<dt-api library="Select">
	<name>row().select()</name>
	<summary>Select a single row</summary>
	<since>1.0.0</since>

	<type type="function">
		<signature>row().select()</signature>
		<returns type="DataTables.Api">
			API instance that contains a reference to the selected row.
		</returns>
		<description>
			Select a single row in the table, based on the row found by the `dt-api row()` method.
		</description>
	</type>

	<description>
		This method simply selects a single row that has been found by the `dt-api row()` selector method.

		If the selection style (`s-init select.style` / `s-api select.style()`) is set to `single` any previously selected rows will be automatically deselected. Otherwise the row will be added to the current selected set.

		Selected rows can later be retrieved using the `selected` extension to the `dt-type selector-modifier` object - for example `table.rows( { selected: true } ).data()` will get the data of all rows which are selected in the table.
	</description>

	<example title="Select the first row in the table's current page"><![CDATA[

var table = $('#myTable').DataTable();

table.row(':eq(0)', { page: 'current' }).select();

]]></example>

	<related>s-api row().deselect()</related>
	<related>s-api rows().select()</related>
	<related>s-api rows().deselect()</related>
</dt-api>