<?xml version="1.0" encoding="UTF-8" ?>
<dt-example table-type="ajax" order="8">

<css lib="datatables select"/>
<js lib="jquery datatables select"/>

<js><![CDATA[
$(document).ready(function() {
	var table = $('#example').DataTable( {
		ajax: '../../../../examples/ajax/data/objects.txt',
		deferRender: true,
		columns: [
			{ data: 'name' },
			{ data: 'position' },
			{ data: 'office' },
			{ data: 'extn' },
			{ data: 'start_date' },
			{ data: 'salary' }
		],
		select: true
	} );
} );
]]></js>

<title>Defer rendering</title>

<info><![CDATA[

This example simply shows Select being used with DataTables' `dt-init deferRender` option. Deferred rendering can be particularly useful when Ajax loading data as it allows DataTables to perform a number of performance enhancing optimisations.

]]></info>

</dt-example>
