<?xml version="1.0" encoding="UTF-8" ?>
<dt-option library="RowGroup">
	<name>rowGroup.endRender</name>
	<summary>Provide a function that can be used to control the data shown in the end grouping row.</summary>
	<since>RowGroup 1.0.0</since>

	<type type="null">
		<description>
			If given as `null` the grouping end row is not shown in the table.
		</description>
	</type>

	<type type="function">
		<signature>endRender( rows, group, level )</signature>
		<parameter type="DataTables.Api" name="rows">
			A DataTables API instance resulting from `-api rows()` on the rows in this group.
		</parameter>
		<parameter type="string" name="group">
			The value of the group's data point (defined by `-init rowGroup.dataSrc`).
		</parameter>
		<parameter type="number" name="level" since="1.1.0">
			The nesting level. Top level is index 0.
		</parameter>
		<returns type="string|node|jQuery">
			The information returned by the rendering function may be one of:

			* A string, in which case RowGroup will create `-tag tr` and `-tag td` elements for the grouping row, with a `colspan` value to have the single cell spanning the width of the table.
			* A `-tag tr` node which contains a row that will be injected into the table as the group end row. This is useful if you wish to use multiple cells in the grouping row - e.g. to provide alignment with the host data.
			* A jQuery object containing a `-tag tr` node. This acts in exactly the same way as a `-tag tr` element and is provided for convenience.
		</returns>
		<scope>HTML table element</scope>
	</type>

	<default value="null">
		A grouping end row is _not_ shown.
	</default>

	<description>
		It can be really useful to modify the contents of the grouping row that is displayed by RowGroup. By default it simply shows the grouping data value, but often you might wish to show more complex data, such as aggregations, counts and other summary information. This option provides that ability by letting you specify a function that will return the data to be shown for the group's ending row.

		The function defined by this option will be called once for every group shown in the DataTables' current page, and will be called again every time the page is changed (e.g. paging, search or sort) to keep the grouping information current. As such it is important that the function used should be relatively fast in its execution - e.g. do not make any asynchronous Ajax calls!
	</description>

	<example title="Show the number of rows in the group along with the group data value"><![CDATA[

$('#myTable').DataTable( {
	rowGroup: {
		endRender: function ( rows, group ) {
			return group +' ('+rows.count()+' rows)';
		}
	}
} );

]]></example>

	<example title="Disable the start grouping row"><![CDATA[

$('#myTable').DataTable( {
	rowGroup: {
		startRender: null,
		endRender: function ( rows, group ) {
			return group +' ('+rows.count()+' rows)';
		}
	}
} );

]]></example>

	<example title="Show aggregate data in the footer"><![CDATA[

$('#myTable').DataTable( {
	rowGroup: {
		endRender: function ( rows, group ) {
			var avg = rows
				.data()
				.pluck('salary')
				.reduce( function (a, b) {
					return a + b.replace(/[^\d]/g, '')*1;
				}, 0) / rows.count();

			return 'Average salary in '+group+': '+
				$.fn.dataTable.render.number(',', '.', 0, '$').display( avg );
		}
	}
} );

]]></example>

</dt-option>
