<?xml version="1.0" encoding="UTF-8" ?>
<dt-option library="Select">
	<name>language.select.cells</name>
	<summary>Table information summary string for the number of cells selected</summary>
	<since>1.0.0</since>

	<default value="" />

	<type type="string">
		<description>
			The language string to be displayed without any pluralisation considerations. The string should contain `%d` which will be replaced with the number of cells selected.
		</description>
	</type>

	<type type="object">
		<description>
			As an object this option can be used to define different strings to use for the various singular, plural, dual, etc options required by many languages. If the number of cells selected matches a parameter name in the object, the value of that parameter will be used. If there is no match the `_` (which **must** be defined) is used as the default.

			As with the string case above, any of the parameter values defined in this object can contain the string `%d` which will be replace with the number of cells selected.
		</description>
	</type>

	<description>
		Select can show summary information about the number of cells selected in the table in the table's information element (`dt-init info`). This can provide quick and useful information to the end user to show the table's current state - see `s-init select.info`.

		This language option can be used to provide information to the end user about the number of cells that are selected.

		Internally the DataTables' `dt-api i18n()` method is used to determine the string value to display, which can provide complex singular, plural, dual, etc language strings for true multi-language support. Please refer to the `object` section below for details.
	</description>

	<example title="A simple string with no concern for pluralisation"><![CDATA[

$('#example').DataTable( {
	language: {
		select: {
			cells: "%d cells selected"
		}
	},
	select: true
} );

]]></example>

	<example title="Show a message when no cells are selected"><![CDATA[

$('#example').DataTable( {
	language: {
		select: {
			cells: {
				_: "Selected %d cells",
				0: "Click a cell to select it",
				1: "Selected 1 cell"
			}
		}
	},
	select: true
} );

]]></example>
</dt-option>