<?xml version="1.0" encoding="UTF-8" ?>
<dt-option library="Select">
	<name>language.select</name>
	<summary>Container object for language strings used by Select</summary>
	<since>1.0.0</since>

	<type type="object">
		<description>
			This is a container object for the language strings used by Select:

			* `s-init language.select.rows` - Table summary information, row count string
			* `s-init language.select.columns` - Table summary information, column count string
			* `s-init language.select.cells` - Table summary information, cell count string
		</description>
	</type>

	<description>
		Select makes use of a number of strings that are displayed to the end user to explain what action will be performed based on the user input.

		Parameters of this object provide the ability to customise those strings to suit your needs. This can be a full translation or a tweak of just one or two strings to match the styling of your site / app.
	</description>

	<example title="Set the strings to be used for row selection"><![CDATA[

$('#example').DataTable( {
	language: {
		select: {
			rows: {
				_: "Selected %d rows",
				1: "Selected 1 row"
			}
		}
	},
	select: true
} );

]]></example>
</dt-option>
