<?xml version="1.0" encoding="UTF-8" ?>
<dt-option library="Select">
	<name>select.items</name>
	<summary>Set which table items to select (rows, columns or cells)</summary>
	<since>1.0.0</since>

	<default value="row"/>

	<type type="string">
		<description>
			This option can take one of the following values:

			* `-string row` - select rows
			* `-string column` - select columns
			* `-string cell` - select cells
		</description>
	</type>

	<description>
		Select has the ability to select rows, columns or cells in a DataTable. As well as being able to select each table element type you can also combine the selection to have multiple different item types selected at the same time.

		This option provides the ability to define which table item type will be selected by user interaction with a mouse. The items to be selected can also be defined at run time using the `s-api select.items()` method.
	</description>

	<example title="Select columns on load"><![CDATA[

$('#example').DataTable( {
	select: {
		items: 'column'
	}
} );

]]></example>

	<example title="Select cells on load"><![CDATA[

$('#example').DataTable( {
	select: {
		items: 'cell'
	}
} );

]]></example>
</dt-option>
